{"loss": [0.588990330696106, 0.4748707413673401, 0.4487711787223816, 0.42791542410850525, 0.4051075577735901, 0.38960427045822144, 0.37719956040382385, 0.3473259210586548, 0.3351346254348755, 0.3093567490577698], "accuracy": [0.7736564874649048, 0.8107481598854065, 0.829083263874054, 0.8324552178382874, 0.8512117862701416, 0.854373037815094, 0.8609062433242798, 0.8693361282348633, 0.8687039017677307, 0.8830347657203674], "val_loss": [0.42439335584640503, 0.4311378598213196, 0.39805445075035095, 0.3839128613471985, 0.38473501801490784, 0.3674910068511963, 0.3482470214366913, 0.32525476813316345, 0.3870319128036499, 0.3479412794113159], "val_accuracy": [0.8374446630477905, 0.840607225894928, 0.8576850295066833, 0.8462998270988464, 0.8488298654556274, 0.8608475923538208, 0.8576850295066833, 0.8728652596473694, 0.8614800572395325, 0.8665401935577393]}